"week","gmv","product_mrp","list_price","units","Promotion","sla","cat_luxury","cat_mid","cat_premium","sale_days","holidays","TV","Digital","Sponsorship","ContentMarketing","OnlineMarketing","Affiliates","SEM","Radio","Other","NPS"
1,18196,1422.53571428571,649.857142857143,28,0.456362920359957,2.5,0,0,0,0,0,0.026578073,0.332225914,0.983388704,0,0.172757475,0.066445183,0.664451827,0,0,54.6
2,327179,40047,32717.9,10,0.177226764355165,5.3,0,1,0,0,0,0.051140171,0.728636546,2.568910687,0,0.332982443,0.121177476,1.483365654,0,0,54.6
2,2993344,2211.22579316028,1215.16069221261,2541,0.425123703691729,6.92088998763906,0,0,0,0,0,0.051140171,0.728636546,2.568910687,0,0.332982443,0.121177476,1.483365654,0,0,54.6
3,70349,81700,70349,1,0.138935128518972,9,0,0,1,1,1,0.055417635,0.904324154,3.936113346,0,0.361415336,0.125212396,1.878463166,0,0,54.6
3,635562,41591.7647058823,37386,17,0.112398874702355,6.11764705882353,0,1,0,1,1,0.055417635,0.904324154,3.936113346,0,0.361415336,0.125212396,1.878463166,0,0,54.6
3,4105896,2368.85567010309,1304.31507731959,3206,0.432459132773109,6.7145618556701,0,0,0,1,1,0.055417635,0.904324154,3.936113346,0,0.361415336,0.125212396,1.878463166,0,0,54.6
4,3906357,2257.69325952458,1244.82872028655,3188,0.427709021447026,6.42168674698795,0,0,0,1,0,0.056162551,0.982188199,5.115058282,0,0.366460925,0.125509855,2.069084009,0,0,54.6
4,131097,81775,65548.5,2,0.19805749502774,5.5,0,0,1,1,0,0.056162551,0.982188199,5.115058282,0,0.366460925,0.125509855,2.069084009,0,0,54.6
4,453615,42466,32401.0714285714,14,0.241364830650517,6.21428571428571,0,1,0,1,0,0.056162551,0.982188199,5.115058282,0,0.366460925,0.125509855,2.069084009,0,0,54.6
5,3219464,2233.45389507154,1255.37519872814,2643,0.418837543692298,6.41414944356121,0,0,0,0,0,0.049647759,0.976830123,5.922365419,0,0.327489186,0.112242747,2.077995474,0,0,57.3
5,235540,41270,33648.5714285714,7,0.17753427915498,4.85714285714286,0,1,0,0,0,0.049647759,0.976830123,5.922365419,0,0.327489186,0.112242747,2.077995474,0,0,57.3
5,118489,95400,59244.5,2,0.367061843850286,4,0,0,1,0,0,0.049647759,0.976830123,5.922365419,0,0.327489186,0.112242747,2.077995474,0,0,57.3
6,2496,666.666666666667,416,6,0.151532567049808,6.66666666666667,0,0,0,0,0,0.008646105,0.735252788,5.362696001,0,0.081370757,0.031530463,1.583956077,0,0,60
7,1397,1576,465.666666666667,3,0.543771889751789,8.66666666666667,0,0,0,1,1,0.00150571,0.628186678,4.880090572,0,0.037695548,0.025580272,1.345599206,0,0,60
9,1534,1090,767,2,0.296330275229358,8,0,0,0,2,0,4.5665e-05,0.559705192,4.105087346,0,0.028569757,0.02510928,1.175117295,0,0,60
10,5433979,2033.93574889404,1122.83989888351,4977,0.425279631700245,6.50979566041711,0,0,0,1,1,0.647848484,0.566995981,14.04481847,0.099667774,2.735966887,0.839060384,1.762966618,0,0,53.45
10,742156,40212.0833333333,30923.1666666667,24,0.226625298686782,4,0,1,0,1,1,0.647848484,0.566995981,14.04481847,0.099667774,2.735966887,0.839060384,1.762966618,0,0,53.45
10,86598,106900,43299,2,0.594957904583723,6,0,0,1,1,1,0.647848484,0.566995981,14.04481847,0.099667774,2.735966887,0.839060384,1.762966618,0,0,53.45
11,9108715,2284.10406864102,1239.24287295876,7476,0.430483540181253,6.56725712704124,0,0,0,0,0,1.019798875,0.576871748,26.71556061,0.228635131,4.299467411,1.22464708,2.292430699,0,0,46.9
11,174398,103900,43599.5,4,0.579936831380068,3.5,0,0,1,0,0,1.019798875,0.576871748,26.71556061,0.228635131,4.299467411,1.22464708,2.292430699,0,0,46.9
11,1259669,47051.3636363636,38171.7878787879,33,0.181063141462583,4.24242424242424,0,1,0,0,0,1.019798875,0.576871748,26.71556061,0.228635131,4.299467411,1.22464708,2.292430699,0,0,46.9
12,8055790,2237.85817524842,1185.86781090033,6882,0.449231856076652,6.44384221619994,0,0,0,0,1,1.084573644,0.581248648,37.64159793,0.343928399,4.576920065,1.253072923,2.54787875,0,0,46.9
12,407378,97600,50922.25,8,0.459073732223121,4,0,0,1,0,1,1.084573644,0.581248648,37.64159793,0.343928399,4.576920065,1.253072923,2.54787875,0,0,46.9
12,1226294,44295.8823529412,36067.4705882353,34,0.176962475444669,4.05882352941176,0,1,0,0,1,1.084573644,0.581248648,37.64159793,0.343928399,4.576920065,1.253072923,2.54787875,0,0,46.9
13,8168088,2384.96351474612,1214.36515658255,6808,0.467232761356709,6.40620249315901,0,0,0,0,0,1.095854102,0.583188473,47.06316851,0.446997407,4.626155721,1.255168505,2.671123573,0,0,46.9
13,302978,86800,75744.5,4,0.126487247993202,5,0,0,1,0,0,1.095854102,0.583188473,47.06316851,0.446997407,4.626155721,1.255168505,2.671123573,0,0,46.9
13,1116548,47154.2857142857,39876.7142857143,28,0.149782540004402,4.14285714285714,0,1,0,0,0,1.095854102,0.583188473,47.06316851,0.446997407,4.626155721,1.255168505,2.671123573,0,0,46.9
14,7214764,2220.40078999342,936.462804476629,7781,0.572642987286974,5.6329163923634,0,0,0,0,1,1.317087685,1.700327265,57.37015499,0.818208032,5.43223508,1.454658541,5.292046718,0,0,45.65
14,117374,98400,58687,2,0.38558185948216,3,0,0,1,0,1,1.317087685,1.700327265,57.37015499,0.818208032,5.43223508,1.454658541,5.292046718,0,0,45.65
14,998902,39581.3793103448,34444.8965517241,29,0.137902363099432,4.17241379310345,0,1,0,0,1,1.317087685,1.700327265,57.37015499,0.818208032,5.43223508,1.454658541,5.292046718,0,0,45.65
15,395577,39556.25,32964.75,12,0.15578109547649,5.33333333333333,0,1,0,0,0,1.647974084,3.683810806,69.16821429,1.522153137,6.638401676,1.73514588,9.971833605,0,0,44.4
15,3753474,2048.87696986453,1018.83245783799,3709,0.486418753664941,6.04865910975947,0,0,0,0,0,1.647974084,3.683810806,69.16821429,1.522153137,6.638401676,1.73514588,9.971833605,0,0,44.4
16,43900,100900,43900,1,0.564915758176412,3,0,0,1,3,0,1.705597602,4.562882783,79.34173332,2.151460689,6.852443256,1.755823691,12.22966843,0,0,44.4
16,1202630,40537.3783783784,32503.5135135135,37,0.19763248379347,4.2972972972973,0,1,0,3,0,1.705597602,4.562882783,79.34173332,2.151460689,6.852443256,1.755823691,12.22966843,0,0,44.4
16,11791900.981193,2270.63978392722,1106.12575815011,10844,0.530747812274254,6.26819560272934,0,0,0,3,0,1.705597602,4.562882783,79.34173332,2.151460689,6.852443256,1.755823691,12.22966843,0,0,44.4
17,4328279.11054865,2142.21335909467,1172.14435550649,3777,0.435426870490562,7.09163676511179,0,0,0,0,2,1.715632677,4.95248397,88.11440403,2.714044321,6.890426233,1.757348081,13.31899541,0,0,44.4
17,224098,89598.3333333333,74699.3333333333,3,0.166199714635704,6,0,0,1,0,2,1.715632677,4.95248397,88.11440403,2.714044321,6.890426233,1.757348081,13.31899541,0,0,44.4
17,424755,40425,32673.4615384615,13,0.183174669300556,7,0,1,0,0,2,1.715632677,4.95248397,88.11440403,2.714044321,6.890426233,1.757348081,13.31899541,0,0,44.4
18,5002350.50150659,2000.33628509719,1059.29265658747,4779,0.460529014468071,6.5133909287257,0,0,0,0,0,1.717380275,5.125153658,95.67911701,3.216978606,6.897166543,1.75746046,13.84455788,0,0,44.4
18,470952,39154.6666666667,31396.8,15,0.199031835585289,5.6,0,1,0,0,0,1.717380275,5.125153658,95.67911701,3.216978606,6.897166543,1.75746046,13.84455788,0,0,44.4
18,73775,89900,73775,1,0.1793659621802,6,0,0,1,0,0,1.717380275,5.125153658,95.67911701,3.216978606,6.897166543,1.75746046,13.84455788,0,0,44.4
19,86798,106900,43399,2,0.594022450888681,6.5,0,0,1,1,0,1.275824152,2.573773197,85.80685383,2.922401969,5.782083582,1.664445489,7.888821217,0,0,47
19,4844224,1993.57305788681,1026.44932214332,4785,0.47837942102681,6.08758338713148,0,0,0,1,0,1.275824152,2.573773197,85.80685383,2.922401969,5.782083582,1.664445489,7.888821217,0,0,47
19,621393,39555.7894736842,32704.8947368421,19,0.169838846617429,5.63157894736842,0,1,0,1,0,1.275824152,2.573773197,85.80685383,2.922401969,5.782083582,1.664445489,7.888821217,0,0,47
20,4878046.00054277,2135.06712172924,1097.59340159272,4496,0.460343297737973,6.66302616609784,0,0,0,7,1,1.198927619,1.443011575,77.29395737,2.659058563,5.584205345,1.657588331,5.015384889,0,0,47
20,807296,48634.75,40364.8,20,0.164005883027144,5.95,0,1,0,7,1,1.198927619,1.443011575,77.29395737,2.659058563,5.584205345,1.657588331,5.015384889,0,0,47
20,82995,89900,82995,1,0.0768075639599555,12,0,0,1,7,1,1.198927619,1.443011575,77.29395737,2.659058563,5.584205345,1.657588331,5.015384889,0,0,47
21,3699482,2243.37907050269,1152.80777742649,3257,0.459223778553464,6.2105595953209,0,0,0,0,0,1.185536168,0.941862544,69.95324888,2.423636805,5.549090652,1.657082814,3.629051544,0,0,47
21,166399,96900,55466.3333333333,3,0.41523442746069,4.33333333333333,0,0,1,0,0,1.185536168,0.941862544,69.95324888,2.423636805,5.549090652,1.657082814,3.629051544,0,0,47
21,237110,39090,33872.8571428571,7,0.138532060618296,4.57142857142857,0,1,0,0,0,1.185536168,0.941862544,69.95324888,2.423636805,5.549090652,1.657082814,3.629051544,0,0,47
22,91129,106900,45564.5,2,0.573765201122544,8,0,0,1,0,1,1.183204061,0.719755296,63.62332329,2.213176232,5.542859336,1.657045547,2.960193799,0,0,47
22,608082,43225.4705882353,35769.5294117647,17,0.165225515467987,6.05882352941176,0,1,0,0,1,1.183204061,0.719755296,63.62332329,2.213176232,5.542859336,1.657045547,2.960193799,0,0,47
22,4103447.00108554,2282.33931832015,1231.08947048083,3369,0.421065937766099,6.34449178332319,0,0,0,0,1,1.183204061,0.719755296,63.62332329,2.213176232,5.542859336,1.657045547,2.960193799,0,0,47
23,4541677,2247.28455723542,1214.50755939525,3778,0.436961094046456,6.28455723542117,0,0,0,0,0,1.382133475,0.920321574,65.22480096,2.174531933,6.023481126,1.690265391,3.634170882,0,0,46.4
23,960290,42456.5714285714,34296.0714285714,28,0.181614695308891,7.07142857142857,0,1,0,0,0,1.382133475,0.920321574,65.22480096,2.174531933,6.023481126,1.690265391,3.634170882,0,0,46.4
23,363998,100871.428571429,51999.7142857143,7,0.466425805009727,9.85714285714286,0,0,1,0,0,1.382133475,0.920321574,65.22480096,2.174531933,6.023481126,1.690265391,3.634170882,0,0,46.4
24,5175425,2317.2772716655,1191.84349451063,4388,0.47392317826251,5.92758701238029,0,0,0,0,0,1.496511043,1.128813076,69.42968255,2.199785658,6.301461409,1.706003428,4.358012539,0,0,45.8
24,1475889,44368.8536585366,35997.2926829268,41,0.174929336412802,6.51219512195122,0,1,0,0,0,1.496511043,1.128813076,69.42968255,2.199785658,6.301461409,1.706003428,4.358012539,0,0,45.8
24,75549,89900,75549,1,0.159632925472747,6,0,0,1,0,0,1.496511043,1.128813076,69.42968255,2.199785658,6.301461409,1.706003428,4.358012539,0,0,45.8
25,81475,94995,81475,1,0.142323280172641,7,0,0,1,0,0,1.516429775,1.221215676,73.05557065,2.222361793,6.350790696,1.707163652,4.707241028,0,0,45.8
25,4687193,2287.0793161435,1298.32987668161,3668,0.421633572332265,6.63396860986547,0,0,0,0,0,1.516429775,1.221215676,73.05557065,2.222361793,6.350790696,1.707163652,4.707241028,0,0,45.8
25,404169,39538.6666666667,33680.75,12,0.147126385119067,5.83333333333333,0,1,0,0,0,1.516429775,1.221215676,73.05557065,2.222361793,6.350790696,1.707163652,4.707241028,0,0,45.8
26,6359542,2480.12269412269,1347.83247533248,4781,0.475665553112359,6.42857142857143,0,0,0,2,2,1.519898602,1.262168139,76.18219008,2.242544236,6.359544478,1.707249185,4.875731658,0,0,45.8
26,199589,95233.3333333333,66529.6666666667,3,0.282780847479083,6.66666666666667,0,0,1,2,2,1.519898602,1.262168139,76.18219008,2.242544236,6.359544478,1.707249185,4.875731658,0,0,45.8
26,780070,40828.652173913,33916.0869565217,23,0.171849271598856,6.17391304347826,0,1,0,2,2,1.519898602,1.262168139,76.18219008,2.242544236,6.359544478,1.707249185,4.875731658,0,0,45.8
27,4408243,1959.29307326832,1078.27906976744,4157,0.440726227576046,6.152288072018,0,0,0,7,0,1.454057512,1.107560632,75.38991584,2.247297748,6.387675962,1.7471226,4.491906263,0.179401993,1.800664452,46.45
27,250678,103600,62669.5,4,0.412771744784262,6,0,0,1,7,0,1.454057512,1.107560632,75.38991584,2.247297748,6.387675962,1.7471226,4.491906263,0.179401993,1.800664452,46.45
27,655889,42997.2105263158,34520.4736842105,19,0.185700183573877,6.63157894736842,0,1,0,7,0,1.454057512,1.107560632,75.38991584,2.247297748,6.387675962,1.7471226,4.491906263,0.179401993,1.800664452,46.45
28,90800,90925,45400,2,0.492772888353185,4,0,0,1,1,0,1.276478398,0.607145515,65.98580401,2.218324666,6.459113248,1.849729883,3.143933128,0.778171565,7.856954164,47.1
28,4983460,1672.72820605187,885.049711815562,5678,0.483848589669492,5.91462536023055,0,0,0,1,0,1.276478398,0.607145515,65.98580401,2.218324666,6.459113248,1.849729883,3.143933128,0.778171565,7.856954164,47.1
28,555971,44350,37064.7333333333,15,0.149901621189201,7,0,1,0,1,0,1.276478398,0.607145515,65.98580401,2.218324666,6.459113248,1.849729883,3.143933128,0.778171565,7.856954164,47.1
29,3912260,1873.13459516299,1014.80415352261,3882,0.46949700973445,6.64616193480547,0,0,0,0,0,1.245553183,0.385363535,57.87659653,2.192423528,6.471790227,1.857294196,2.493582853,1.279692543,13.08573573,47.1
29,501299,46101.1538461538,38561.4615384615,13,0.159751508347017,5.61538461538461,0,1,0,0,0,1.245553183,0.385363535,57.87659653,2.192423528,6.471790227,1.857294196,2.493582853,1.279692543,13.08573573,47.1
29,120025,98400,60012.5,2,0.370705913753042,5,0,0,1,0,0,1.245553183,0.385363535,57.87659653,2.192423528,6.471790227,1.857294196,2.493582853,1.279692543,13.08573573,47.1
30,101149,87725,50574.5,2,0.423947498455837,5.5,0,0,1,3,0,1.240167589,0.287070648,50.88399085,2.169268623,6.474039834,1.857851845,2.179811407,1.699759466,17.60007668,47.1
30,6370303,2116.81294828237,1189.69497923745,5419,0.478748865674325,6.29482823707059,0,0,0,3,0,1.240167589,0.287070648,50.88399085,2.169268623,6.474039834,1.857851845,2.179811407,1.699759466,17.60007668,47.1
30,728940,39262.0833333333,30372.5,24,0.219787660285668,6.79166666666667,0,1,0,3,0,1.240167589,0.287070648,50.88399085,2.169268623,6.474039834,1.857851845,2.179811407,1.699759466,17.60007668,47.1
31,76775,89900,76775,1,0.145995550611791,7,0,0,1,0,1,1.239229693,0.243507634,44.85423587,2.148568776,6.474439041,1.857892955,2.028427569,2.051601617,21.49759543,47.1
31,515052,42061.9333333333,34336.8,15,0.171976428304749,6.06666666666667,0,1,0,0,1,1.239229693,0.243507634,44.85423587,2.148568776,6.474439041,1.857892955,2.028427569,2.051601617,21.49759543,47.1
31,4697899,2194.86392847164,1301.61413802738,3658,0.424985592502648,6.92120704107293,0,0,0,0,1,1.239229693,0.243507634,44.85423587,2.148568776,6.474439041,1.857892955,2.028427569,2.051601617,21.49759543,47.1
32,266319,82540,53263.8,5,0.359227229239952,8.4,0,0,1,2,0,0.880262373,0.503270447,41.14976793,2.070263017,5.876503238,1.678493993,2.094925003,1.808093678,19.46057885,48.7
32,4933274,1741.35008252338,892.529800110031,5590,0.504015936126385,6.34568127636164,0,0,0,2,0,0.880262373,0.503270447,41.14976793,2.070263017,5.876503238,1.678493993,2.094925003,1.808093678,19.46057885,48.7
32,145535,180000,145535,1,0.191472222222222,7,1,0,0,2,0,0.880262373,0.503270447,41.14976793,2.070263017,5.876503238,1.678493993,2.094925003,1.808093678,19.46057885,48.7
32,321095,44693.3333333333,35677.2222222222,9,0.186251812614585,6.88888888888889,0,1,0,2,0,0.880262373,0.503270447,41.14976793,2.070263017,5.876503238,1.678493993,2.094925003,1.808093678,19.46057885,48.7
33,490237,39283.3333333333,32682.4666666667,15,0.171060193124083,6.06666666666667,0,1,0,0,0,0.757947928,0.664907916,38.20455818,1.990293047,5.670728128,1.635368187,2.150263522,1.514433854,16.80156016,50.3
33,4233327,1963.77024291498,1050.98329959514,4082,0.452465343474186,6.31528340080972,0,0,0,0,0,0.757947928,0.664907916,38.20455818,1.990293047,5.670728128,1.635368187,2.150263522,1.514433854,16.80156016,50.3
33,148050,180000,148050,1,0.1775,9,1,0,0,0,0,0.757947928,0.664907916,38.20455818,1.990293047,5.670728128,1.635368187,2.150263522,1.514433854,16.80156016,50.3
33,200082,86916.6666666667,66694,3,0.2389294489817,5.66666666666667,0,0,1,0,0,0.757947928,0.664907916,38.20455818,1.990293047,5.670728128,1.635368187,2.150263522,1.514433854,16.80156016,50.3
34,114890,97425,57445,2,0.404650534756115,5.5,0,0,1,3,0,0.736646996,0.736544996,35.66489071,1.918802094,5.634212086,1.632188909,2.176962438,1.268468512,14.50585956,50.3
34,5684252,1704.30241870895,896.693736985424,6401,0.471421105260466,6.30578247637354,0,0,0,3,0,0.736646996,0.736544996,35.66489071,1.918802094,5.634212086,1.632188909,2.176962438,1.268468512,14.50585956,50.3
34,525091,39744.6875,32818.1875,16,0.162068413077608,6,0,1,0,3,0,0.736646996,0.736544996,35.66489071,1.918802094,5.634212086,1.632188909,2.176962438,1.268468512,14.50585956,50.3
35,270135,43192.5,33766.875,8,0.221329555533425,5.375,0,1,0,1,0,0.732937461,0.768294263,33.47492416,1.85489115,5.627732093,1.631954529,2.189843738,1.062451399,12.52383466,50.3
35,5451415,1916.76749515248,953.347082672307,5771,0.517845820007321,6.28115635466244,0,0,0,1,0,0.732937461,0.768294263,33.47492416,1.85489115,5.627732093,1.631954529,2.189843738,1.062451399,12.52383466,50.3
35,209499,93233.3333333333,69833,3,0.237310663478493,6.66666666666667,0,0,1,1,0,0.732937461,0.768294263,33.47492416,1.85489115,5.627732093,1.631954529,2.189843738,1.062451399,12.52383466,50.3
36,4790174.00273985,1609.22462320683,853.341565280552,5646,0.482309694813448,6.13691665153441,0,0,0,0,0,1.84524826,0.815588003,36.55328366,1.764533933,5.377412744,1.582103363,2.245892406,1.039396021,13.45382205,49.65
36,87499,88900,87499,1,0.0157592800899888,5,0,0,1,0,0,1.84524826,0.815588003,36.55328366,1.764533933,5.377412744,1.582103363,2.245892406,1.039396021,13.45382205,49.65
36,332470,40979,33247,10,0.176085573294284,5,0,1,0,0,0,1.84524826,0.815588003,36.55328366,1.764533933,5.377412744,1.582103363,2.245892406,1.039396021,13.45382205,49.65
37,7464652,2358.71493055556,1284.27864583333,5905,0.48323564148937,6.09270833333333,0,0,0,3,1,2.484138739,0.849837436,41.19447772,1.670468031,5.233324283,1.55849473,2.292867498,1.079885825,15.31321793,49
37,69975,81700,69975,1,0.143512851897185,5,0,0,1,3,1,2.484138739,0.849837436,41.19447772,1.670468031,5.233324283,1.55849473,2.292867498,1.079885825,15.31321793,49
37,475700,41856.0714285714,33978.5714285714,14,0.176475835222593,5.85714285714286,0,1,0,3,1,2.484138739,0.849837436,41.19447772,1.670468031,5.233324283,1.55849473,2.292867498,1.079885825,15.31321793,49
38,4588192,1931.00870303545,959.783909997877,4826,0.52156245786534,6.09530885162386,0,0,0,0,0,2.595400843,0.865016648,45.19660001,1.586375704,5.207754911,1.556754278,2.315531351,1.113799516,16.91855311,49
38,275720,41102.5,34465,8,0.159222245895608,6.25,0,1,0,0,0,2.595400843,0.865016648,45.19660001,1.586375704,5.207754911,1.556754278,2.315531351,1.113799516,16.91855311,49
39,174339,83600,58113,3,0.311202758858355,5.66666666666667,0,0,1,0,2,2.614777021,0.871744014,48.64764786,1.511199477,5.203217471,1.55662597,2.326465874,1.142205147,18.30454147,49
39,4228752,1687.65373563218,858.661330049261,4973,0.49351039912559,5.80623973727422,0,0,0,0,2,2.614777021,0.871744014,48.64764786,1.511199477,5.203217471,1.55662597,2.326465874,1.142205147,18.30454147,49
39,360050,39433.0909090909,32731.8181818182,11,0.162297858137643,4.81818181818182,0,1,0,0,2,2.614777021,0.871744014,48.64764786,1.511199477,5.203217471,1.55662597,2.326465874,1.142205147,18.30454147,49
40,465508,40320.3571428571,33250.5714285714,14,0.159363687699161,4.92857142857143,0,1,0,0,0,2.345726113,0.794991336,50.47400011,1.417415927,5.076166427,1.523393919,2.265296219,1.10619664,18.44467529,50.4
40,4826655.00478372,1660.40555041628,879.432192414431,5552,0.495562404923717,5.75855689176688,0,0,0,0,0,2.345726113,0.794991336,50.47400011,1.417415927,5.076166427,1.523393919,2.265296219,1.10619664,18.44467529,50.4
40,46840,80950,46840,1,0.421371216800494,8,0,0,1,0,0,2.345726113,0.794991336,50.47400011,1.417415927,5.076166427,1.523393919,2.265296219,1.10619664,18.44467529,50.4
41,336718,36990.9090909091,30610.7272727273,11,0.170841476008367,5.54545454545455,0,1,0,0,0,1.617808058,0.561639308,49.17511763,1.267130831,4.738005831,1.437887541,2.069671026,0.926534759,15.92446576,51.8
41,5219122,1910.34284662125,952.910881973854,5522,0.518760078341858,5.88933897993003,0,0,0,0,0,1.617808058,0.561639308,49.17511763,1.267130831,4.738005831,1.437887541,2.069671026,0.926534759,15.92446576,51.8
41,135139,96250,45046.3333333333,3,0.52381850938577,7.66666666666667,0,0,1,0,0,1.617808058,0.561639308,49.17511763,1.267130831,4.738005831,1.437887541,2.069671026,0.926534759,15.92446576,51.8
42,4306432,1779.28405245347,896.082698815567,4833,0.522708072687482,5.82508460236887,0,0,0,0,1,1.491041895,0.458218622,48.05508549,1.132780091,4.677997182,1.431583924,1.975288656,0.776052493,13.74860796,51.8
42,124495,85425,62247.5,2,0.277768294467602,7,0,0,1,0,1,1.491041895,0.458218622,48.05508549,1.132780091,4.677997182,1.431583924,1.975288656,0.776052493,13.74860796,51.8
42,197369,38584.2857142857,28195.5714285714,7,0.240612482939262,6.14285714285714,0,1,0,0,1,1.491041895,0.458218622,48.05508549,1.132780091,4.677997182,1.431583924,1.975288656,0.776052493,13.74860796,51.8
43,99770,38900,33256.6666666667,3,0.144712291409366,2,0,1,0,0,1,1.468965701,0.412382987,47.08927679,1.012674227,4.667348283,1.431119215,1.929752437,0.650010661,11.87005102,51.8
43,145500,80950,48500,3,0.400864731315627,4.33333333333333,0,0,1,0,1,1.468965701,0.412382987,47.08927679,1.012674227,4.667348283,1.431119215,1.929752437,0.650010661,11.87005102,51.8
43,2906376,1950.03319783198,977.195460704607,2998,0.523298257574294,5.10094850948509,0,0,0,0,1,1.468965701,0.412382987,47.08927679,1.012674227,4.667348283,1.431119215,1.929752437,0.650010661,11.87005102,51.8
44,712623,44477.25,35631.15,20,0.201372624670009,5.4,0,1,0,0,0,1.465121155,0.392068817,46.25645566,0.90530289,4.665458571,1.431084956,1.907782791,0.544439794,10.24817287,51.8
44,7762152,1875.89745762712,929.683777239709,8416,0.532518396797203,6.3590799031477,0,0,0,0,0,1.465121155,0.392068817,46.25645566,0.90530289,4.665458571,1.431084956,1.907782791,0.544439794,10.24817287,51.8
44,73995,88995,73995,1,0.168548794876117,9,0,0,1,0,0,1.465121155,0.392068817,46.25645566,0.90530289,4.665458571,1.431084956,1.907782791,0.544439794,10.24817287,51.8
45,73995,88995,73995,1,0.168548794876117,4,0,0,1,0,1,0.580730702,0.359809844,47.25924052,0.995362381,6.339541835,1.686896384,2.525090176,0.711829074,10.01069262,47.3
45,484051,42216,32270.0666666667,15,0.238126238344021,6.8,0,1,0,0,1,0.580730702,0.359809844,47.25924052,0.995362381,6.339541835,1.686896384,2.525090176,0.711829074,10.01069262,47.3
45,5468610,1848.56535564854,903.251548117155,6093,0.560612673442072,5.79179916317992,0,0,0,0,1,0.580730702,0.359809844,47.25924052,0.995362381,6.339541835,1.686896384,2.525090176,0.711829074,10.01069262,47.3
46,417071,42523.75,34755.9166666667,12,0.190781803686564,6.33333333333333,0,1,0,0,0,0.426715035,0.345512796,48.12394637,1.075873087,6.636618066,1.705755062,2.822919574,0.852031982,9.805660757,47.3
46,5130291,1836.04654346338,866.023613963039,5980,0.556946868435122,5.75376454483231,0,0,0,0,0,0.426715035,0.345512796,48.12394637,1.075873087,6.636618066,1.705755062,2.822919574,0.852031982,9.805660757,47.3
47,776674,41569.8571428571,36984.4761904762,21,0.10327887478409,5.47619047619048,0,1,0,0,1,0.399893369,0.339176402,48.86958606,1.147847443,6.689336046,1.707145342,2.966611927,0.969463967,9.628643659,47.3
47,188989,101447.5,94494.5,2,0.0732527241663107,6,0,0,1,0,1,0.399893369,0.339176402,48.86958606,1.147847443,6.689336046,1.707145342,2.966611927,0.969463967,9.628643659,47.3
47,5076132,1896.46505791506,964.444980694981,5321,0.528913300735397,5.54150579150579,0,0,0,0,1,0.399893369,0.339176402,48.86958606,1.147847443,6.689336046,1.707145342,2.966611927,0.969463967,9.628643659,47.3
48,696875,45234.1578947368,36677.6315789474,19,0.169682906751413,6.05263157894737,0,1,0,3,0,0.395222404,0.336368137,49.51255449,1.212190537,6.698691171,1.707247835,3.035938502,1.067823347,9.475813497,47.3
48,7987171,2233.2525237306,1191.95931896941,6787,0.533199549621837,5.50504746120235,0,0,0,3,0,0.395222404,0.336368137,49.51255449,1.212190537,6.698691171,1.707247835,3.035938502,1.067823347,9.475813497,47.3
48,168528,90583.3333333333,56176,3,0.373994052937275,6.66666666666667,0,0,1,3,0,0.395222404,0.336368137,49.51255449,1.212190537,6.698691171,1.707247835,3.035938502,1.067823347,9.475813497,47.3
49,4878225,1764.84408102583,898.420182122282,5477,0.534797678503591,5.9375580747073,0,0,0,0,0,0.43427607,0.414857745,49.17662358,1.163399199,4.613972558,1.175693929,2.644137,1.00402838,8.679413634,48.9
49,166999,99975,83499.5,2,0.203526868437307,3.5,0,0,1,0,0,0.43427607,0.414857745,49.17662358,1.163399199,4.613972558,1.175693929,2.644137,1.00402838,8.679413634,48.9
49,304871,38223.3333333333,33874.5555555556,9,0.114300078462018,5.77777777777778,0,1,0,0,0,0.43427607,0.414857745,49.17662358,1.163399199,4.613972558,1.175693929,2.644137,1.00402838,8.679413634,48.9
50,4687192,1716.59554997308,824.584424905796,5743,0.56234512146632,5.73210120222501,0,0,0,0,0,0.470977558,0.50944469,48.21917478,1.040046867,2.679242539,0.73783614,2.13616949,0.840960061,7.493491917,50.5
50,237781,49313.1666666667,39630.1666666667,6,0.182136697424273,6.5,0,1,0,0,0,0.470977558,0.50944469,48.21917478,1.040046867,2.679242539,0.73783614,2.13616949,0.840960061,7.493491917,50.5
51,218996,92912.5,54749,4,0.401663007909207,5.75,0,0,1,0,0,0.477369083,0.551365246,47.39356241,0.929773276,2.335912959,0.705556819,1.891092789,0.704376328,6.469609984,50.5
51,4708258,1822.20261031697,964.258960016573,4959,0.522913474598919,5.74725502382432,0,0,0,0,0,0.477369083,0.551365246,47.39356241,0.929773276,2.335912959,0.705556819,1.891092789,0.704376328,6.469609984,50.5
51,362996,49005.8,36299.6,10,0.241764553560926,7.1,0,1,0,0,0,0.477369083,0.551365246,47.39356241,0.929773276,2.335912959,0.705556819,1.891092789,0.704376328,6.469609984,50.5
52,4141186,2015.7633268211,1139.11610382361,3692,0.476412048499696,6.01451297795144,0,0,0,0,0,0.47848216,0.569944268,46.6816332,0.831191721,2.274987042,0.703177155,1.772851782,0.589975713,5.585627343,50.5
52,85890,105995,85890,1,0.189678758432002,7,0,0,1,0,0,0.47848216,0.569944268,46.6816332,0.831191721,2.274987042,0.703177155,1.772851782,0.589975713,5.585627343,50.5
52,134427,43082,33606.75,4,0.190408880392051,6.5,0,1,0,0,0,0.47848216,0.569944268,46.6816332,0.831191721,2.274987042,0.703177155,1.772851782,0.589975713,5.585627343,50.5
53,2966923,2055.47552166934,1171.60834670947,2563,0.475598889986672,5.89125200642055,0,0,0,0,0,0.365719191,0.485155161,44.4066039,0.743062524,1.732613907,0.516955212,1.469957423,0.494155366,4.822428693,50.5
53,414130,41690.8333333333,34510.8333333333,12,0.167351103336709,5.66666666666667,0,1,0,0,0,0.365719191,0.485155161,44.4066039,0.743062524,1.732613907,0.516955212,1.469957423,0.494155366,4.822428693,50.5
53,47999,80950,47999,1,0.407053736874614,7,0,0,1,0,0,0.365719191,0.485155161,44.4066039,0.743062524,1.732613907,0.516955212,1.469957423,0.494155366,4.822428693,50.5
